group,cer,wer,accuracy
degraded,0.6078682257316274,0.75868269246876,31.67245408998063
dense_text,0.3738768169509676,0.5589785331715441,53.35723249387442
handwritten,0.39035626535626533,0.8359788359788359,38.68324493324493
printed,0.43462819401825864,0.6014873326054625,48.19422366881394
receipts,0.08954200462623052,0.16252387457800194,87.39670603978838
scene_text,0.26666666666666666,0.5,61.666666666666664
